{
    "x": [
        0.0,
        0.1,
        0.2,
        0.30000000000000004,
        0.4,
        0.5,
        0.6000000000000001,
        0.7000000000000001,
        0.8,
        0.9,
        1.0,
        1.1,
        1.2000000000000002,
        1.3,
        1.4000000000000001,
        1.5,
        1.6,
        1.7000000000000002,
        1.8,
        1.9000000000000001,
        2.0,
        2.1,
        2.2,
        2.3000000000000003,
        2.4000000000000004,
        2.5,
        2.6,
        2.7,
        2.8000000000000003,
        2.9000000000000004,
        3.0,
        3.1,
        3.2,
        3.3000000000000003,
        3.4000000000000004,
        3.5,
        3.6,
        3.7,
        3.8000000000000003,
        3.9000000000000004,
        4.0,
        4.1000000000000005,
        4.2,
        4.3,
        4.4,
        4.5,
        4.6000000000000005,
        4.7,
        4.800000000000001,
        4.9,
        5.0,
        5.1000000000000005,
        5.2,
        5.300000000000001,
        5.4,
        5.5,
        5.6000000000000005,
        5.7,
        5.800000000000001,
        5.9,
        6.0,
        6.1000000000000005,
        6.2
    ],
    "y": [
        1.0,
        0.9950041652780257,
        0.9800665778412416,
        0.955336489125606,
        0.9210609940028851,
        0.8775825618903728,
        0.8253356149096782,
        0.7648421872844884,
        0.6967067093471655,
        0.6216099682706645,
        0.5403023058681398,
        0.4535961214255773,
        0.3623577544766734,
        0.26749882862458735,
        0.16996714290024081,
        0.0707372016677029,
        -0.029199522301288815,
        -0.12884449429552486,
        -0.2272020946930871,
        -0.3232895668635036,
        -0.4161468365471424,
        -0.5048461045998575,
        -0.5885011172553458,
        -0.6662760212798243,
        -0.7373937155412458,
        -0.8011436155469337,
        -0.8568887533689473,
        -0.9040721420170612,
        -0.9422223406686583,
        -0.9709581651495907,
        -0.9899924966004454,
        -0.9991351502732795,
        -0.9982947757947531,
        -0.9874797699088649,
        -0.9667981925794609,
        -0.9364566872907963,
        -0.896758416334147,
        -0.848100031710408,
        -0.7909677119144165,
        -0.7259323042001399,
        -0.6536436208636119,
        -0.5748239465332685,
        -0.4902608213406995,
        -0.40079917207997545,
        -0.30733286997841935,
        -0.21079579943077972,
        -0.11215252693505398,
        -0.01238866346289056,
        0.08749898343944729,
        0.18651236942257574,
        0.2836621854632263,
        0.37797774271298107,
        0.4685166713003771,
        0.5543743361791615,
        0.6346928759426346,
        0.70866977429126,
        0.7755658785102502,
        0.8347127848391598,
        0.8855195169413194,
        0.9274784307440359,
        0.9601702866503661,
        0.9832684384425847,
        0.9965420970232175
    ]
}