{
    "x": [
        0.0,
        0.1,
        0.2,
        0.30000000000000004,
        0.4,
        0.5,
        0.6000000000000001,
        0.7000000000000001,
        0.8,
        0.9,
        1.0,
        1.1,
        1.2000000000000002,
        1.3,
        1.4000000000000001,
        1.5,
        1.6,
        1.7000000000000002,
        1.8,
        1.9000000000000001,
        2.0,
        2.1,
        2.2,
        2.3000000000000003,
        2.4000000000000004,
        2.5,
        2.6,
        2.7,
        2.8000000000000003,
        2.9000000000000004,
        3.0,
        3.1,
        3.2,
        3.3000000000000003,
        3.4000000000000004,
        3.5,
        3.6,
        3.7,
        3.8000000000000003,
        3.9000000000000004,
        4.0,
        4.1000000000000005,
        4.2,
        4.3,
        4.4,
        4.5,
        4.6000000000000005,
        4.7,
        4.800000000000001,
        4.9,
        5.0,
        5.1000000000000005,
        5.2,
        5.300000000000001,
        5.4,
        5.5,
        5.6000000000000005,
        5.7,
        5.800000000000001,
        5.9,
        6.0,
        6.1000000000000005,
        6.2
    ],
    "y": [
        0.0,
        0.09983341664682815,
        0.19866933079506122,
        0.2955202066613396,
        0.3894183423086505,
        0.479425538604203,
        0.5646424733950355,
        0.6442176872376911,
        0.7173560908995228,
        0.7833269096274833,
        0.8414709848078965,
        0.8912073600614354,
        0.9320390859672264,
        0.963558185417193,
        0.9854497299884603,
        0.9974949866040544,
        0.9995736030415051,
        0.9916648104524686,
        0.9738476308781951,
        0.9463000876874145,
        0.9092974268256817,
        0.8632093666488738,
        0.8084964038195901,
        0.74570521217672,
        0.6754631805511506,
        0.5984721441039564,
        0.5155013718214642,
        0.4273798802338298,
        0.33498815015590466,
        0.23924932921398198,
        0.1411200080598672,
        0.04158066243329049,
        -0.058374143427580086,
        -0.15774569414324865,
        -0.25554110202683167,
        -0.35078322768961984,
        -0.44252044329485246,
        -0.5298361409084934,
        -0.6118578909427193,
        -0.6877661591839741,
        -0.7568024953079282,
        -0.8182771110644108,
        -0.8715757724135881,
        -0.9161659367494549,
        -0.9516020738895161,
        -0.977530117665097,
        -0.9936910036334645,
        -0.9999232575641008,
        -0.9961646088358406,
        -0.9824526126243325,
        -0.9589242746631385,
        -0.9258146823277321,
        -0.8834546557201531,
        -0.8322674422239008,
        -0.7727644875559871,
        -0.7055403255703919,
        -0.6312666378723208,
        -0.5506855425976376,
        -0.4646021794137566,
        -0.373876664830236,
        -0.27941549819892586,
        -0.18216250427209502,
        -0.08308940281749641
    ]
}